timestamp_ns,packet_size_bytes
1761386796043191045,64544
1761386796101419152,64544
1761386796159067122,64544
1761386796218089520,64544
1761386796276103410,64544
1761386796334154916,64544
1761386796391662337,64544
1761386796450548252,64544
1761386796507954734,64544
1761386796566350543,64544
1761386796623155016,64544
1761386796681434066,64544
1761386796739380626,64544
1761386796797706486,64544
1761386796855688173,64544
1761386796914038881,64544
1761386796972204980,64544
1761386797031425869,64544
1761386797089608691,64544
1761386797147998098,64544
1761386797205432621,64544
1761386797265100643,64544
1761386797323476905,64544
1761386797382611493,64544
1761386797439995739,64544
1761386797497987012,64544
1761386797556129616,64544
1761386797614612057,64544
1761386797672356787,64544
1761386797731228678,64544
1761386797788916126,64544
1761386797847883523,64544
1761386797907069898,64544
1761386797968517249,64544
1761386798027599583,64544
1761386798086209403,64544
1761386798146837533,64544
1761386798204532545,64544
1761386798262564851,64544
1761386798320661787,64544
1761386798378537872,64544
1761386798436131122,64544
1761386798493705721,64544
1761386798552390425,64544
1761386798611470265,64544
1761386798669429758,64544
1761386798728413474,64544
1761386798786707241,64544
1761386798845270190,64544
1761386798904040991,64544
1761386798962545705,64544
1761386799019988831,64544
1761386799079499433,64544
1761386799136726656,64544
1761386799196424172,64544
1761386799254873021,64544
1761386799313720777,64544
1761386799371544697,64544
1761386799429378385,64544
1761386799486456357,64544
1761386799544437407,64544
1761386799603334151,64544
1761386799661779294,64544
1761386799720418718,64544
1761386799780560356,64544
1761386799838381444,64544
1761386799897704641,64544
1761386799955531906,64544
1761386800013859346,64544
1761386800071996849,64544
1761386800130852339,64544
1761386800188464363,64544
1761386800248045311,64544
1761386800305753710,64544
1761386800364962413,64544
1761386800423368111,64544
1761386800483510120,64544
1761386800543003667,64544
1761386800601619222,64544
1761386800659897663,64544
1761386800718352615,64544
1761386800777426960,64544
1761386800836293479,64544
1761386800894335794,64544
1761386800952957412,64544
1761386801010066047,64544
1761386801068845720,64544
1761386801128225843,64544
1761386801187625179,64544
1761386801247750165,64544
1761386801306083481,64544
1761386801364696624,64544
1761386801422428559,64544
1761386801482149225,64544
1761386801541149156,64544
1761386801600855524,64544
1761386801658944849,64544
1761386801717886207,64544
1761386801778686199,64544
1761386801836741451,64544
1761386801896258936,64544
1761386801954877395,64544
1761386802013926537,64544
1761386802072013934,64544
1761386802132796665,64544
1761386802190755302,64544
1761386802249268047,64544
1761386802306697236,64544
1761386802364827039,64544
1761386802422486837,64544
1761386802481145470,64544
1761386802538847641,64544
1761386802598029182,64544
1761386802655807570,64544
1761386802715173690,64544
1761386802773195477,64544
1761386802832589606,64544
1761386802890389339,64544
1761386802948931565,64544
1761386803006941831,64544
1761386803065869651,64544
1761386803124129541,64544
1761386803183405090,64544
1761386803242301087,64544
1761386803301477928,64544
1761386803359282144,64544
1761386803417132861,64544
1761386803474266018,64544
1761386803532727156,64544
1761386803590446533,64544
1761386803648892348,64544
1761386803706648071,64544
1761386803764792715,64544
1761386803822519527,64544
1761386803880958680,64544
1761386803938713125,64544
1761386803997043111,64544
1761386804055093025,64544
1761386804114479183,64544
1761386804172293677,64544
1761386804231267373,64544
1761386804289194853,64544
1761386804347926434,64544
1761386804405875928,64544
1761386804464599194,64544
1761386804523686543,64544
1761386804582435159,64544
1761386804639973659,64544
1761386804699706349,64544
1761386804756712724,64544
1761386804814860977,64544
1761386804872748128,64544
1761386804931501686,64544
1761386804989713645,64544
1761386805049578138,64544
1761386805107565363,64544
1761386805165636428,64544
1761386805222769176,64544
1761386805281974972,64544
1761386805339765340,64544
1761386805398740341,64544
1761386805456553658,64544
1761386805515584224,64544
1761386805574739825,64544
1761386805634266788,64544
1761386805692418799,64544
1761386805752029211,64544
1761386805809905916,64544
1761386805868407647,64544
1761386805925898834,64544
1761386805984476210,64544
1761386806042683670,64544
1761386806100534632,64544
1761386806157806729,64544
1761386806216893769,64544
1761386806274301358,64544
1761386806332862880,64544
1761386806390140719,64544
1761386806449278788,64544
1761386806506915089,64544
1761386806565224535,64544
1761386806623000792,64544
1761386806682372258,64544
1761386806740248648,64544
1761386806799759823,64544
1761386806857858978,64544
1761386806923752651,64544
1761386806981977666,64544
1761386807039348502,64544
1761386807097765955,64544
1761386807155515814,64544
1761386807214937171,64544
1761386807272710229,64544
1761386807332180807,64544
1761386807390592523,64544
1761386807447470938,64544
1761386807506005670,64544
1761386807565730179,64544
1761386807623261545,64544
1761386807682534759,64544
1761386807740428720,64544
1761386807798443150,64544
1761386807856010493,64544
1761386807914331982,64544
